,formula,doi/ref
10035.cif,V2Cu1S4,https://doi.org/10.1016/0375-9601(67)90878-X
100599.cif,Mo6S6Br2,https://doi.org/10.1016/0022-4596(80)90547-2
100785.cif,La1Ru3Si2,https://doi.org/10.1103/PhysRevB.86.024513
102108.cif,Ce1Co1In5,"Phys.Rev.B, 77(2008)165129"
102109.cif,Ce2Co1In8,"J.Phys.Soc.jpn, 71(2002)2836"
102740.cif,Zr2Co1,https://doi.org/10.1016/S0921-4526(99)02457-6
102779.cif,Ir1Cr3,"Solid State Commun., 7(1969)381"
102802.cif,Pb2Rh1,https://doi.org/10.1016/0022-3697(62)90107-5
102806.cif,Zr2Ga1,https://doi.org/10.1016/0022-5088(72)90060-4
102811.cif,Th2Zn1,https://doi.org/10.1016/0022-5088(72)90060-4
102816.cif,Ta2Ni1,https://doi.org/10.1016/0022-5088(72)90060-4
103659.cif,Lu1Ga3,https://doi.org/10.1103/PhysRevB.85.174514
103677.cif,U6Fe1,https://doi.org/10.1143/JPSJ.65.1034
103766.cif,La1Ga2,https://doi.org/10.1143/JPSJ.61.395
103816.cif,Mo3Ga1,https://doi.org/10.5702/massspec1953.14.187
103902.cif,Zr1Ni2Ga1,https://doi.org/10.1103/PhysRevB.78.184506
103952.cif,Ga1Sb1,"Sov.Phys.Semicond., 7(1973)593Sov.Phys.Semicond., 7(1973)593"
104033.cif,Y1Ga6,https://doi.org/10.1016/0022-5088(86)90687-9
104299.cif,Hg0.5In0.5,"J.Less-Common Metals, 11(1966)186"
104299.cif,Hg1In1,"J.LESS-COMMONMETALS,5(1963)41"
104313.cif,Hg1Mg1,"J.PHYS.CHEM.SOLIDS,27(1966)1081"
104319.cif,Hg2Mg1,"J.PHYS.CHEM.SOLIDS,27(1966)1081"
104327.cif,Hg2Na1,"Unpublished results From Roberts' Table, unpublished results"
104376.cif,Hg3Zr1,"J.Phys.Chem.Solids, 31(1970)2653"
104484.cif,Ir2La1,"PHYS.REV.,137(1965)A119"
104499.cif,Ir1Mo1,"APPL.PHYS.LETT.,7(1965)72"
104602.cif,Ir2Y1,https://doi.org/10.1107/S0365110X59001918
104607.cif,Ir1Zr3,"J.LOW TEMP.PHYS.,4(1971)489"
104609.cif,Ir2Zr1,https://doi.org/10.1016/0022-3697(61)90066-X
104655.cif,La1,https://doi.org/10.1103/PhysRevLett.23.1375
104690.cif,Os2La1,https://doi.org/10.1016/0038-1098(75)90895-9
104709.cif,La2Rh3Sn5,https://doi.org/10.1103/PhysRevB.59.12054
104735.cif,La1Zn1,https://doi.org/10.1016/0022-3697(67)90087-X
104817.cif,Lu1Pd2Sn1,https://doi.org/10.1103/PhysRevB.85.174505
105157.cif,Pb3Na1,https://doi.org/10.1016/0022-3697(70)90261-1
105184.cif,Os1Nb3,https://doi.org/10.1016/0038-1098(69)90751-0
105406.cif,Th7Ni3,https://doi.org/10.1088/1361-648X/aae7be
105479.cif,Zr2Ni1,https://doi.org/10.1143/JPSJ.29.879
105500.cif,La1Pd2Al3,https://doi.org/10.1103/PhysRevB.65.024437
105590.cif,Pb2Pd1,https://doi.org/10.1016/j.physc.2019.1353518
105597.cif,Pb1Y1Pd2,https://doi.org/10.1103/PhysRevB.53.2651
105602.cif,Pt1Pb1,https://doi.org/10.1103/PhysRev.136.A637
105625.cif,Pb3Sr1,https://doi.org/10.1016/0022-3697(70)90261-1
105632.cif,Pb3Th1,https://doi.org/10.1016/0022-3697(70)90261-1
105642.cif,Pb3Y1,https://doi.org/10.1016/0022-3697(70)90261-1
105675.cif,Pd2Sc1Sn1,https://doi.org/10.1103/PhysRevB.85.174505
105683.cif,Pd1Sn1,https://doi.org/10.1016/0022-3697(63)90022-2
105695.cif,Tm1Pd2Sn1,https://doi.org/10.1103/PhysRevB.31.6971
105717.cif,Th2Pd1,https://doi.org/10.1016/0022-5088(72)90060-4
105930.cif,Rh1Sn2,https://doi.org/10.1016/0022-5088(72)90060-4
105977.cif,Y1Rh5,https://doi.org/10.1103/PhysRev.137.A119
106009.cif,U1Ru3,https://doi.org/10.1103/PhysRevB.31.1329
106037.cif,V3Sb1,https://doi.org/10.1103/PhysRevLett.5.149
106076.cif,Ta3Sn1,https://doi.org/10.1007/BF00630915
106082.cif,Th1Sn3,https://doi.org/10.1016/0022-3697(70)90261-1
106121.cif,Ta1V2,https://doi.org/10.1016/0038-1098(74)91202-2
106157.cif,Th1,https://doi.org/10.1103/PhysRev.172.430
106159.cif,Tl3Th1,https://doi.org/10.1016/0022-3697(70)90261-1
106218.cif,W2Zr1,https://doi.org/10.1016/0022-3697(61)90066-X
106236.cif,Zr1Zn2,https://doi.org/10.1002/chin.200143008
106849.cif,Ce1Ni2Ge2,"Z.Phys.B, 103(1997)263"
107019.cif,La3In1,https://doi.org/10.1103/PhysRevB.12.1778
108108.cif,Bi1In2,"J.APPL.PHYS.,35(1964)3322"
108145.cif,Ca1Rh2,"J.Alloy.Compound, 793(2019)393"
108146.cif,Ir2Ca1,"J.Phys.Condens.Matter, 27(2015)185701"
108149.cif,Ba1Rh2,"Phys.Rev., 107(1957)1558"
108323.cif,U6Co1,https://doi.org/10.7566/JPSJ.85.073713
108608.cif,Mo0.5Rh0.5,https://doi.org/10.1016/0031-8914(71)90310-7
108608.cif,Mo1Rh1,https://doi.org/10.1103/PhysRev.97.74
110778.cif,Ce1Rh1In5,"J.Phys.Soc.Jpn, 77(2008)114704"
1244.cif,Bi3In5,"Solid State Commun., 28(1978)153"
15014.cif,P3Sn4,https://doi.org/10.1016/0375-9601(69)90130-3
150225.cif,Ir1Ce1In5,"Phys.Rev.Lett., 102(2009)197001"
150516.cif,Y1Ru2,https://doi.org/10.7566/JPSJ.82.124703
150517.cif,Re2Y1,https://doi.org/10.1016/0022-5088(81)90041-2
150518.cif,Os2Y1,https://doi.org/10.1007/BF00628300
150541.cif,Pt1Th1,https://doi.org/10.1103/PhysRev.137.A119
15058.cif,Mo8P5,https://doi.org/10.1016/S0921-4534(01)00239-8
150740.cif,Th1Ru2,https://doi.org/10.1016/0378-4363(85)90525-X
150742.cif,Ir2Th1,https://doi.org/10.1016/0022-3697(61)90066-X
150755.cif,Bi1Pd1,"Phys.Rev.B, 84(2011)064518"
150819.cif,Ir1Th1,"PHYS.REV.,137(1965)A119"
150935.cif,Os0.5V0.5,https://doi.org/10.1016/0038-1098(78)90038-8
153549.cif,Mg1Al1Si1,https://doi.org/10.1021/ic301296u
153662.cif,Ir3Lu2Si5,https://doi.org/10.1103/PhysRevB.71.045109
154982.cif,Li1Ti2O4,https://doi.org/10.1016/0022-0248(94)90273-9
155044.cif,Pb2Ag5O6,https://doi.org/10.1103/PhysRevB.72.180504
156465.cif,Li2Pd3B1,https://doi.org/10.1103/PhysRevLett.93.247004
156997.cif,La3Ni4Si4,https://doi.org/10.1088/0953-8984/20/38/385204
156998.cif,La3Pd4Si4,https://doi.org/10.1103/PhysRevB.88.024423
157439.cif,Os2Rb1O6,https://doi.org/10.1143/JPSJ.78.064702
157584.cif,Pt2Pr1B2C1,https://doi.org/10.1016/j.physc.2007.04.203
157839.cif,Ca2K1Nb3O10,"Solid State Commun., 103(1997)215"
158364.cif,Pd2Sn1,https://doi.org/10.1016/0022-3697(63)90022-2
159307.cif,H4Si1,Science 319(2009)1506
160383.cif,Bi0.5Sn0.5,"FIZ.METAL.METALLOVED.,26(1968)921"
160383.cif,Bi1Sn1,"PHYS.LETT.A,27(1968)116"
160797.cif,Pt4Ba1Ge12,https://doi.org/10.1103/PhysRevB.86.174513
161758.cif,Bi1Ce1Pd1,"J. Phys.: Condens. Matter, 25(2013)176002"
161868.cif,Ir1Ce1Ge3,"Phys.Rev.B, 81(2010)140507"
162724.cif,La1Fe1O1P1,https://doi.org/10.1143/jpsj.78.114712
162858.cif,Ca1Al1Si1,"Inorg. Chem., 52(2013)6039"
16306.cif,Zr1Ru1Si1,https://doi.org/10.1088/0953-8984/13/41/324
163144.cif,Na1Fe1As1,https://doi.org/10.1103/PhysRevB.97.224508
16316.cif,Mo3Se4,https://doi.org/10.1006/jssc.1997.7664
163836.cif,La1Ni1O1As1,https://doi.org/10.1103/PhysRevB.78.060504
163909.cif,Ir19Mg10B16,https://doi.org/10.1103/PhysRevB.82.024520
164196.cif,Ba1Ni2As2,"Phys.Rev.Lett., 109(2012)097002"
164574.cif,Tm1Ni2B2C1,https://doi.org/10.1103/PhysRevB.81.214517
164763.cif,Mo3Sb7,https://doi.org/10.1103/PhysRevB.92.064507
165077.cif,Zr3V3O1,https://doi.org/10.5702/massspec1953.14.187
165617.cif,Sr1Sn3Sb4,https://doi.org/10.1016/S0925-8388(02)00216-5
165970.cif,La1B6,https://doi.org/10.1016/0025-5408(75)90067-7
167533.cif,Yb1B4Al1,https://doi.org/10.1038/nphys1002
167803.cif,Nb1N1,https://doi.org/10.1103/PhysRevLett.76.1525
168583.cif,La1Fe4P12,https://doi.org/10.1016/0038-1098(85)90108-5
168586.cif,Sr2Sc1Fe1O3P1,https://doi.org/10.1088/0953-2048/23/2/022001
168586.cif,Sr4Sc2Fe2O6P2,https://doi.org/10.1088/0953-2048/22/7/075008
168817.cif,Np1Pd5Al2,https://doi.org/10.1016/j.jallcom.2007.10.037
168862.cif,Sr1Pd1Ge3,https://doi.org/10.1016/j.jallcom.2016.09.287
168863.cif,Pt1Sr1Ge3,https://doi.org/10.1016/j.jallcom.2016.09.287
169422.cif,In1Te1,"PHYS.REV.,135(1964)A1460,A145"
169691.cif,Eu1Fe2As2,"Phys.Rev.B, 100(2019)014503"
170218.cif,Bi3Ba2,"J.Phys.Soc.Jpn, 83(2014)073705"
170775.cif,La1Mg2,https://doi.org/10.1016/0022-3697(67)90087-X
171677.cif,Rh1,https://doi.org/10.1016/0038-1098(88)90250-5
172793.cif,La3Co4Sn13,https://doi.org/10.1103/PhysRevB.93.241112
173375.cif,B1I3,"Phys.Rev.B, 82(2010)094506"
174267.cif,Pt1Ba1Si3,https://doi.org/10.1088/1742-6596/273/1/012078
174552.cif,Pt4La1Ge12,https://doi.org/10.1103/PhysRevB.94.094501
174554.cif,Pt4Pr1Ge12,https://doi.org/10.1103/PhysRevB.100.024508
174555.cif,Pt4Nd1Ge12,https://doi.org/10.1143/JPSJ.77.124702
180269.cif,Sr4Sc2Ni2O6P2,https://doi.org/10.1143/APEX.2.063007
180438.cif,La1Fe1O1As1,https://doi.org/10.1103/PhysRevB.81.054507
180582.cif,Th4H15,https://doi.org/10.1016/0038-1098(77)90043-6
180602.cif,Fe1Te1,"J.Phys.Chem.Solids, 72(2011)426"
180617.cif,Nb2C1As1,https://doi.org/10.1103/PhysRevB.74.174501
180963.cif,Pt1Ca1Si3,https://doi.org/10.1103/PhysRevB.83.024512
181157.cif,Sr1Pd2Ge2,https://doi.org/10.1103/PhysRevB.85.014520
181258.cif,Cu2Sb1,"STRUCTUER AND BONDING,4(1968)83-229"
181396.cif,Pt2Sr1As2,https://doi.org/10.1103/PhysRevB.87.224507
182573.cif,La1Co2B2,https://doi.org/10.1016/j.ssc.2011.12.016
182834.cif,Na1Al1Si1,https://doi.org/10.1103/PhysRevB.86.174522
183018.cif,Y1Te1,https://doi.org/10.1016/0038-1098(70)90046-3
183085.cif,Os4La1Sb12,https://doi.org/10.1103/PhysRevLett.90.027001
183370.cif,Ni3Zn1N1,https://doi.org/10.1143/jpsj.78.033702
184389.cif,U1Co1Ge1,https://doi.org/10.1103/PhysRevB.82.052502
185377.cif,Ir1Ca1Si3,"Physica C, 470(2010)S762"
186504.cif,Ca1Fe1F1As1,"Phys.Rev.B, 84(2011)024521"
186573.cif,K1Fe2Se2,https://doi.org/10.1038/srep004261
187031.cif,Ag1B2,"J.Phys.Soc.Jpn, 73(2004)2639"
187031.cif,Ag1Te3,"SCIENCE,145(1964)581"
187693.cif,Nb1Si1As1,https://doi.org/10.1209/0295-5075/99/27002
187860.cif,Y1Cu1,https://doi.org/10.1016/0022-5088(76)90224-1
188287.cif,Nb2C1In1,https://doi.org/10.1016/j.physc.2009.02.005
189036.cif,K1Fe2As2,https://doi.org/10.1103/PhysRevB.89.134504
189362.cif,Ir8Ba4Ge28,https://doi.org/10.1103/PhysRevB.88.140507
189724.cif,La1Pd2Sb2,https://doi.org/10.1016/j.jallcom.2013.08.005
189911.cif,Pt4Th1Ge12,https://doi.org/10.1103/PhysRevB.94.094501
190485.cif,La3Rh4Sn13,https://doi.org/10.1103/PhysRevB.83.184509
190704.cif,Sr1Pd2As2,https://doi.org/10.1103/PhysRevB.98.094525
190890.cif,Ir1Te2,"Phys.Rev.B, 95(2017)035148"
191274.cif,Pb3Ca1,https://doi.org/10.1016/0022-3697(70)90261-1
191430.cif,Pt1Al2,https://doi.org/10.1016/0022-3697(65)90144-7
191914.cif,Re7B3,https://doi.org/10.1016/0025-5408(75)90067-7
191970.cif,La2Ni1Ge3,https://doi.org/10.1016/j.physc.2012.02.028
192215.cif,Nb2Pd1S5,https://doi.org/10.1016/j.physc.2016.02.018
192309.cif,Ca1Fe2As2,"Phys.Rev. B, 83(2011)060505"
192620.cif,Pt1Ce3In11,https://doi.org/10.1103/PhysRevB.92.161114
193321.cif,Pt2Ce1In7,https://doi.org/10.1103/PhysRevB.81.180507
193616.cif,Y1Fe2Si2,https://doi.org/10.1016/j.physc.2010.01.025
193887.cif,La1Rh1P1,https://doi.org/10.1103/PhysRevB.89.024517
193890.cif,Ir1La1As1,"Phys.Rev.B, 89(2014)024517"
194235.cif,Ir4Ba3Ge16,https://doi.org/10.1103/PhysRevB.88.140507
194347.cif,Au1Sr1Si3,"Chem.Materials, 26(2014)2155"
195012.cif,Rb2Cr3As3,https://doi.org/10.1103/PhysRevB.92.020508
195017.cif,Pt2Ba1Sb2,https://doi.org/10.1103/PhysRevB.91.014513
195266.cif,Nb4Ga1Se8,https://doi.org/10.1103/PhysRevLett.93.126403
196975.cif,Pt1V3,https://doi.org/10.1007/BF00630915
197176.cif,W2B1,https://doi.org/10.1016/0022-5088(72)90060-4
197253.cif,Au1Zn3,"REV.MORDERN PHYS.,35(1963) 1,414"
197258.cif,Au1Zr3,"REV.MORDERN PHYS.,35(1963) 1,414"
197839.cif,Os1Mo3,https://doi.org/10.1016/0038-1098(77)90006-0
197927.cif,Er1Pd2Sn1,"Phys.Rev.B, 34(1986)199"
198006.cif,La1Si2,https://doi.org/10.1016/0031-9163(66)91115-2
198620.cif,Mo1Ni1P1,https://doi.org/10.1016/S0921-4534(01)00239-8
198654.cif,Au2Ce1Si2,"J.Phys.Soc.Jpn, 86(2017)064710"
198657.cif,U1Ru2Si2,https://doi.org/10.1143/JPSJ.80.114710
198663.cif,Lu1Pd2Si2,https://doi.org/10.1016/j.physb.2017.10.004
198771.cif,Ce1Co2,"J.PHYS.F:METAL.PHYS.,1(1971)896"
200563.cif,Rb1C8,https://doi.org/10.1103/PhysRevLett.14.225
230025.cif,Pt2Lu1Si2,https://doi.org/10.1016/j.physb.2017.10.004
230026.cif,Bi2Eu3F4S4,"Europhys.Lett., 111(2015)27002"
23005.cif,Sr1Ni2As2,https://doi.org/10.1103/PhysRevB.78.172504
23188.cif,Mo2B1C1,https://doi.org/10.1016/0022-5088(81)90219-8
23247.cif,G1,"Phys.Rev.B, 97(2018)184517"
23460.cif,Mg0.5B2,https://doi.org/10.1016/S0921-4534(01)01100-5
23578.cif,Zr1Ru1Ge1,https://doi.org/10.1016/S0925-8388(96)02958-1
236258.cif,Pr1Ti2Al20,https://doi.org/10.1143/JPSJ.81.083702
236263.cif,Pr1V2Al20,https://doi.org/10.1103/PhysRevLett.113.267001
236470.cif,La1N1,https://doi.org/10.1016/0022-5088(77)90266-1
236950.cif,La1Ge5,https://doi.org/10.1103/PhysRevB.67.094501
236995.cif,U1Ge2,https://doi.org/10.1088/0953-8984/13/33/102
237706.cif,Mo3P1,https://doi.org/10.1088/1361-6668/ab4172
23786.cif,Ir1Mo2B2,"Mat.Res.Bull., 10(1975)889"
23864.cif,Pd4Se1,https://doi.org/10.1016/0022-3697(65)90244-1
241784.cif,Pt1,https://doi.org/10.1103/PhysRevLett.82.4528
242099.cif,Lu1B12,https://doi.org/ 10.1007/s10909-005-7320-7
242164.cif,Rb1Fe2As2,https://doi.org/10.1103/PhysRevB.91.054511
246415.cif,La3Pd4Ge4,https://doi.org/10.1016/j.physc.2007.04.326
246431.cif,Er1Ni2B2C1,"Physica.C,262(1996)249-254"
246448.cif,Pt3Li2B1,https://doi.org/10.1016/j.physc.2013.04.059
246507.cif,Os2Cs1O6,https://doi.org/10.1143/JPSJ.78.064702
246810.cif,La1Si10,https://doi.org/10.1016/j.jssc.2009.05.010
24703.cif,Th1B6,https://doi.org/10.1126/science.159.3814.530
247248.cif,Li1Fe1P1,https://doi.org/10.1021/ja906883q
247662.cif,La1Ni2P2,https://doi.org/10.1103/PhysRevB.85.054517
247832.cif,Lu2Fe3Si5,https://doi.org/10.1016/j.physc.2012.03.001
247864.cif,Ce2Pd1In8,"Phys.Rev.B, 84(2011)140507"
248481.cif,Pt1Bi1La1,https://doi.org/10.1016/j.physb.2007.10.089
248529.cif,Ca1Si2,"Phys.Rev.B,61(2000)R3800-R3803"
248695.cif,Sr2V1Fe1O3As1,https://doi.org/10.1103/PhysRevB.82.104518
248695.cif,Sr4V2Fe2O6As2,https://doi.org/10.1016/j.ssc.2011.12.021
250892.cif,Bi1Sr1F1S2,"Phys.Rev.B, 87(2013)020504"
251038.cif,Mg4Al1Si3,https://doi.org/10.1021/ic3027539
252019.cif,Ir1Li2Si3,"J.Phys.Soc.Jpn, 83(2014)093706"
252344.cif,Ca1Rb1Fe4As4,"J.Phys: Conf.Ser., 969(2018)012027"
252466.cif,Bi1La1O1S2,"Solid State Commun., 245(2016)11"
253703.cif,Bi1Cu1,"ZH.EKSP.TEOR.FIZ.,38(1960)294"
257264.cif,Zr1B12,https://doi.org/10.1103/PhysRevB.93.085130
257744.cif,Y1V2Al20,https://doi.org/10.1103/PhysRevB.93.134507
259535.cif,Y1B12,https://doi.org/10.1126/science.159.3814.530
259588.cif,Cd1Ge1As2,"J.PHYS.CHEM.SOLIDS,30(1969)2794"
260033.cif,La3Pd5Si1,https://doi.org/10.1016/S0038-1098(03)00425-3
260538.cif,Bi3Mo1,"PHYS.REV.LETT.,17(1966)640"
261651.cif,Ba1Ge3,"Inorganic Chem., 50(2011)6372"
261871.cif,La2Sn5,https://doi.org/10.1016/S0022-4596(05)80237-3
262509.cif,Ca1Ni1B1N1,"J.Am.Chem.Soc., 134(2012)2516"
26251.cif,Nb4N5,https://doi.org/10.1063/1.1663418
262736.cif,Ca1Ge3,"Inorganic Chem., 51(2012)5509"
263004.cif,Ca1Si3,"J.Am.Chem.Soc., 134(2012)13558"
263005.cif,Y1Si3,https://doi.org/10.1021/ja3055194
263018.cif,Ba2Ti2Fe2O1As4,"J.Alloys Compd., 745(2018)460"
264386.cif,Bi1Ce1O1S2,"Inorganic Chem.,57(2018)5364"
26573.cif,Nb3Ge1,https://doi.org/10.1016/0022-5088(89)90183-5
26597.cif,O1Sn1,https://doi.org/10.1103/PhysRevLett.105.157001
26619.cif,Rh1Te2,https://doi.org/10.1103/PhysRev.97.74
27104.cif,La1Se1,https://doi.org/10.1103/PhysRevB.11.500
2734.cif,Li1Cu2P2,https://doi.org/10.1021/ja906883q
28445.cif,Re2Cd2O7,https://doi.org/10.1016/j.physc.2018.02.012
290595.cif,Ba1Fe2Se3,J.Phys.Condens.Matter. 23(2011)402201
290700.cif,Li1Fe1As1,https://doi.org/10.1103/PhysRevB.94.094524
290701.cif,Fe1Se1,"Phys.Rev.B, 91(2015)165109"
291998.cif,Nb4Co1Si1,https://doi.org/10.1103/PhysRevB.84.224518
30526.cif,Bi4Te3,"Phys.Rev.B, 84(2011)092505"
337.cif,Y3Rh2,https://doi.org/10.1103/PhysRev.137.A119
35593.cif,Zr1Ru1As1,https://doi.org/10.1007/BF00614955
36377.cif,Ba1Pd2As2,"Phys.Rev.B, 98(2018)094525"
38342.cif,Ir1La1Si3,"J.Phys.Soc.Jpn, 77(2008)073705"
391192.cif,La3Ni2B2N3,https://doi.org/10.1021/ja211293x
391427.cif,La1Ni1O1P1,https://doi.org/10.1021/ic701200e
400298.cif,Y2C2I2,https://doi.org/10.1063/1.367555
404168.cif,La9B3C6Br5, https://doi.org/10.1002/anie.199616851
40427.cif,La2Rh3Si5,https://doi.org/10.1103/PhysRevB.64.064514
407549.cif,Rh1In3,https://doi.org/10.1103/PhysRevB.77.100505
40760.cif,Y2Rh3Si5,https://doi.org/10.1016/0025-5408(82)90071-X
40795.cif,La1Ru2P2,https://doi.org/10.1088/0953-2048/23/11/115009
410520.cif,Ba1Ag0.5Si1.5,"J.Phys.Soc.Jpn, 81(2012)114717"
410838.cif,Rh17S15,https://doi.org/10.1088/0953-2048/24/10/105015
411884.cif,Ta1Ir1Si1,https://doi.org/10.1016/j.phpro.2016.04.024
41204.cif,Bi1K1O3,"Physica C, 357-360(2001)414"
412573.cif,Ir1Sn4,J. Phys.: Condens. Matter25(2013) 155701 
414303.cif,Ir2Ga9,"J.Phys.Soc.Jpn, 78(2009)025003"
414514.cif,Ir1La1P1,"Phys.Rev.B, 89(2014)024517"
415594.cif,La1Rh1Sn1,https://doi.org/10.1080/14786430410001678145
416423.cif,Pt2La1Ge2,https://doi.org/10.1103/PhysRevB.91.174516
417472.cif,La3Ru8B6,https://doi.org/10.1209/0295-5075/104/17003
417662.cif,Ba1Al1Ge1,"Phys.Rev.B, 80(2009)064514"
418391.cif,Sr1Al1Ge1,https://doi.org/10.1103/PhysRevB.80.064514
419206.cif,Ba1Sn3,"Angew.Chem.Int.Ed.Engl., 36(1997)2683-2686"
42133.cif,Mo6S8,https://doi.org/10.1007/BF00681858
422403.cif,Ir1Sc1P1,"J.Phys.Soc.Jpn, 85(2016)013704"
422968.cif,La2Cu1O4,https://doi.org/10.1016/0921-4534(94)90697-1
423134.cif,La3Ru4Sn13,https://doi.org/10.1016/j.jallcom.2014.07.051
423220.cif,Y1Tc2,https://doi.org/10.1016/0022-5088(81)90041-2
423290.cif,La2Sb1,https://doi.org/10.1016/j.ssc.2011.12.016
424686.cif,K1Ni2Se2,https://doi.org/10.1103/PhysRevB.86.054512
42549.cif,Pt1Bi1Te1,https://doi.org/10.1016/S0375-9601(63)95177-6
42554.cif,Pd1Te2,https://doi.org/10.1103/PhysRevB.97.054515
426890.cif,Bi14Rh3,"Phys.Rev.B, 86(2012)054502"
427113.cif,Y1Pd2Si2,https://doi.org/10.1016/0038-1098(84)90008-5
427253.cif,Ir1Y1Si1,"Mat.Res.Bull., 20(1985)517"
42917.cif,Mo3C1Al2,https://doi.org/10.7566/JPSJ.82.073709
429727.cif,Ir4Ca3Ge4,https://doi.org/10.1103/PhysRevB.89.224504
42981.cif,Nb2Se3,https://doi.org/10.1103/PhysRevB.75.064517
430061.cif,Ba1Ti2O1Sb2,"Physca C, 504(2014)36"
430063.cif,Bi2Ba1Ti2O1,"Phys.Rev.B, 98(2018)220507"
431419.cif,La1Rh1Al1,https://doi.org/10.1103/PhysRevB.62.127
431754.cif,K1Ni2S2,https://doi.org/10.1103/PhysRevB.87.045124
43263.cif,Mo1As2,https://doi.org/10.1007/BF00555637
43281.cif,Nb3Se4,https://doi.org/10.1103/PhysRevB.53.384
43317.cif,Ru1B2,https://doi.org/10.1103/PhysRevB.97.054506
43358.cif,Cd1As2Sn1,"J.PHYS.CHEM.SOLIDS,30(1969)1609"
43662.cif,Re3B1,https://doi.org/10.1143/JPSJ.72.1724
44324.cif,Ti1O1,https://doi.org/10.1007/BF00660068
44343.cif,Ru7B3,https://doi.org/10.1103/PhysRevB.79.144509
44422.cif,Ir3La1B2,https://doi.org/10.1016/0038-1098(80)90221-5
44489.cif,Mo5B2Si1,https://doi.org/10.1016/j.ssc.2011.07.005
44574.cif,Th1Ru3B2,https://doi.org/10.1016/0038-1098(80)90221-5
44861.cif,Rh1Ge1,https://doi.org/10.5702/massspec1953.14.187
44868.cif,Rh1Se2,https://doi.org/10.1016/0375-9601(69)90938-4
44921.cif,Lu1Se1,https://doi.org/10.1016/0038-1098(70)90046-3
51969.cif,Lu1In3,https://doi.org/10.1016/0022-3697(70)90261-1
51997.cif,Nb3In1,https://doi.org/10.1063/1.1663094
52284.cif,Au2Bi1,"Phys.Rev.B, 93(2016)045118"
52303.cif,Sn1Sb1,https://doi.org/10.1016/0031-8914(71)90241-2
52344.cif,W3O1,https://doi.org/10.1103/PhysRevLett.15.260
52843.cif,Ce1,"PHYS.REV.LETT.,21(1968)1250"
52898.cif,Ce1Ru3Si2,"Phys.Rev.B, 30(1984)444"
53424.cif,Eu1,"Phys.Rev.Lett., 102(2009)197002"
53661.cif,La3Ni4Ge4,https://doi.org/10.1088/0953-8984/20/38/385204
53801.cif,Se1,https://doi.org/10.1016/0038-1098(92)90093-O
53884.cif,Th1Pd2Ge2,https://doi.org/10.1016/j.physb.2017.10.118
53891.cif,Rh5Ge3,https://doi.org/10.1107/S0365110X55000030
53895.cif,Th1Rh2Ge2,https://doi.org/10.1016/0038-1098(84)90008-5
53900.cif,Y3Ru4Ge13,https://doi.org/10.1103/PhysRevB.95.184501
56051.cif,U5Ge3,https://doi.org/10.1143/JPSJ.58.795
56261.cif,Au2Pb1,"Phys.Rev.B, 93(2016)045118"
56645.cif,Ce1Ni2B2C1,"Physica C,304(1998)184-190"
56649.cif,Dy1Ni2B2C1,"Physca C, 507(2014)55"
56782.cif,La3S4,https://doi.org/10.1016/0025-5408(75)90223-8
57072.cif,La1Ge2,https://doi.org/10.1016/0031-9163(66)91115-2
57248.cif,Er2Fe3Si5,"Physica B, 194-196(1994)1975"
57480.cif,Re2Si1,https://doi.org/10.1016/0022-5088(91)90140-Y
57484.cif,Rh1Ti1Si1,https://doi.org/10.1016/S0038-1098(98)00469-4
57486.cif,U1Rh2Si2,https://doi.org/10.1016/0038-1098(84)90008-5
57505.cif,Au2Sc1Al1,"J.Less-Common Met., 46(1976)339"
58016.cif,Nb1Ni2Al1,https://doi.org/10.1143/JPSJ.54.1673
58122.cif,Zr1Pd2Al1,https://doi.org/10.1103/PhysRevB.85.174505
58149.cif,Re1Al6,https://doi.org/10.1103/PhysRevB.99.144519
58185.cif,Th1Al3,https://doi.org/10.1016/0038-1098(71)90595-3
58395.cif,Au5Ba1,"J.PHYS.CHEM.SOLIDS,26(1965)665"
58407.cif,Au5Ca1,"J.PHYS.CHEM.SOLIDS,26(1965)665"
58504.cif,Au2Sc1In1,"J.Less-Common Met., 46(1976)339"
58582.cif,Au1Sc1,"J.Less-Common Met., 46(1976)339"
58589.cif,Au5Sn1,"J.PHYS.CHEM.SOLIDS,26(1965)665"
58602.cif,Au1Th2,"J.LESS-COMMON METALS,27(1972)281"
58634.cif,Bi3Ba1,"Supercond.Sci.Technol., 30(2017)025015"
58722.cif,Be2Nb3,"PHYS.LETT.A,29(1969)109"
58747.cif,U1Be13,https://doi.org/10.1103/PhysRevLett.122.067001
58794.cif,Bi2K1,"J.Phys.Condens.Matter, 28(2016)085701"
58817.cif,Bi1Nb3,"PHYS.CHEM.SOLIDS,25(1964)1213"
58821.cif,Bi3Ni1,"Supercond.Sci.Technol., 31(2018)125005"
58845.cif,Pt1Bi1,https://doi.org/10.1103/PhysRev.92.874
58850.cif,Bi2Rb1,"Zh.Eksp.Teor.Fiz, 34(1958)820"
58854.cif,Bi4Rh1,"CALPHAD:phase diagram, 33(2009)27"
58900.cif,Hg1Ca1,"J.PHYS.CHEM.SOLIDS,27(1966)1081"
58931.cif,Ca3Rh4Sn13,"Phys.Rev.Lett., 115(2015)207003"
58942.cif,Tl3Ca1,https://doi.org/10.1016/0022-3697(70)90261-1
59187.cif,Pt1Sr1As1,https://doi.org/10.1103/PhysRevB.89.140504
59484.cif,Y1Pd2In1,https://doi.org/10.1016/0167-577X(83)90043-5
59569.cif,Y1In3,https://doi.org/10.1016/j.ssc.2011.12.040
600058.cif,Ta1Ru1Si1,https://doi.org/10.1007/BF02747575
600059.cif,Re1Nb1Si1,https://doi.org/10.1007/BF02747575
600060.cif,Ta1Re1Si1,https://doi.org/10.1007/BF02747575
600642.cif,Nb5Ge3,https://doi.org/10.1063/1.324239
600661.cif,Mo6Ag1S8,https://doi.org/10.1007/BF00681858
600676.cif,Yb1Mo6Se8,https://doi.org/10.1016/0025-5408(75)90022-7
600713.cif,Yb1Mo6S8,https://doi.org/10.1016/0038-1098(75)90394-4
60072.cif,Zr2Ru3Si4,https://doi.org/10.1088/0953-2048/27/2/025012
601099.cif,Lu1Ge2,https://doi.org/10.1103/PhysRevB.70.052511
601555.cif,Ir1V2B2,"Mat.Res.Bull., 10(1975)889"
601565.cif,Yb1C6,https://doi.org/10.1016/j.physc.2008.09.009
601574.cif,Nd1Rh4B4,https://doi.org/10.1073/pnas.74.4.1334
601577.cif,Sm1Rh4B4,https://doi.org/10.1073/pnas.74.4.1334
601623.cif,La1Pd2Si2,https://doi.org/10.1103/PhysRevB.34.4566
601954.cif,Zr2Pd1,https://doi.org/10.1103/PhysRevB.27.5519
602553.cif,La1C2,https://doi.org/10.1088/0953-8984/26/2/025701
602887.cif,Pb3Yb1,https://doi.org/10.1016/0022-3697(70)90261-1
602892.cif,Ta1B1,https://doi.org/10.1088/0953-2048/28/9/09501
602898.cif,Rh2Cu1Se4,https://doi.org/10.1016/j.ssc.2012.02.019
603036.cif,Ir4La3Sn13,https://doi.org/10.1103/PhysRevB.83.184509
603067.cif,Pt1Ce1Si2,https://doi.org/10.1143/JPSJ.80.024711
603189.cif,La3Co1,https://doi.org/10.1063/1.352532
603198.cif,La3Ga1,https://doi.org/10.1016/0925-8388(93)90160-O
603457.cif,Pr1Mo6S8,https://doi.org/10.1007/978-94-011-1622-0_2
603458.cif,Nd1Mo6S8,https://doi.org/10.1007/978-94-011-1622-0_2
603586.cif,Mo6Se8Sn1,https://doi.org/10.1007/BF00681858
603875.cif,Rh2P1,https://doi.org/10.1016/0022-3697(63)90022-2
603982.cif,Os2Th1Si2,https://doi.org/10.1016/0038-1098(84)90008-5
604343.cif,La1Pd2As2,https://doi.org/10.1016/j.jallcom.2014.06.054
604422.cif,Yb3Rh4Sn13,https://doi.org/10.1143/JPSJ.64.3175
604502.cif,Mo6Se6In2,https://doi.org/10.1103/PhysRevB.82.235128
604606.cif,Os1Zr1As1,https://doi.org/10.1007/BF00614955
604623.cif,La1Rh2Si2,https://doi.org/10.1016/0038-1098(84)90008-5
604624.cif,La1Rh1Si3,https://doi.org/10.1016/0038-1098(82)91252-2
605927.cif,Th2Ag1,https://doi.org/10.1016/0022-5088(72)90060-4
606030.cif,Au4Al1,"J.PHYS.CHEM.SOLIDS,26(1965)665"
60646.cif,Y1Ni1Ge3,https://doi.org/10.1016/j.ssc.2011.03.004
608265.cif,La1Al2,https://doi.org/10.1016/0022-3697(67)90087-X
608280.cif,La3Al1,https://doi.org/10.1016/0925-8388(93)90160-O
608584.cif,Mo3Al1,https://doi.org/10.1016/0022-3697(59)90093-9
608629.cif,Nb3N1Al2,https://doi.org/10.1016/0022-5088(66)90041-5
608975.cif,Zr1Ni2Al1,https://doi.org/10.1016/0167-577X(83)90043-5
609498.cif,Th2Al1,https://doi.org/10.1016/0022-5088(72)90060-4
609502.cif,Th3Al2,https://doi.org/10.1016/0375-9601(69)90056-5
609676.cif,Yb1Al3,https://doi.org/10.1016/0022-3697(70)90261-1
609713.cif,Zr1Al2,https://doi.org/10.5702/massspec1953.14.187
609742.cif,Zr3Al1,https://doi.org/10.5702/massspec1953.14.187
610771.cif,La4As3,https://doi.org/10.1016/0022-5088(77)90266-1
610776.cif,Os4La1As12,https://doi.org/10.1016/S0921-4526(99)00834-0
610778.cif,La1Ru4As12,https://doi.org/10.1143/JPSJ.76.104705
610989.cif,Nb3As1,https://doi.org/10.1103/PhysRevB.14.3856
611190.cif,Pd2As1,https://doi.org/10.1016/0022-3697(63)90022-2
611222.cif,Pr1Ru4As12,https://doi.org/10.1103/PhysRevB.82.104513
611576.cif,W1As2,https://doi.org/10.1007/BF00555637
612077.cif,Au2Y1In1,"Mater.Lett., 2(1983)90"
612356.cif,Au1Sn1,"J.PHYS.CHEM.SOLIDS,26(1965)665"
612635.cif,Lu1B2C2,https://doi.org/10.1016/0022-5088(82)90134-5
612672.cif,Y1B2C2,https://doi.org/10.1016/0022-5088(82)90134-5
612852.cif,Ce1Ru3B2,"Phys.Lett., 113A(1985)330"
614648.cif,La1Rh3B2,https://doi.org/10.1016/0038-1098(80)90221-5
614694.cif,Os3Lu1B2,https://doi.org/10.1016/0038-1098(80)90221-5
614695.cif,Os1Lu1B2,https://doi.org/10.1016/0025-5408(80)90099-9
614715.cif,Lu1Ru1B2,https://doi.org/10.1103/PhysRevB.97.094506
614804.cif,Mo2B1,https://doi.org/10.1103/PhysRev.179.452
614933.cif,Nd1B6,https://doi.org/10.1126/science.159.3814.530
615126.cif,Os1Sc1B2,https://doi.org/10.1016/0025-5408(80)90099-9
615147.cif,Os1Y1B4,https://doi.org/10.1016/0025-5408(80)90099-9
615149.cif,Os1Y1B2,https://doi.org/10.1016/0025-5408(80)90099-9
615326.cif,Th1Rh4B4,https://doi.org/10.1007/BF00682626
615346.cif,Y1Rh4B4,https://doi.org/10.1007/BF00682626
615364.cif,Ru4Sc1B4,https://doi.org/10.1007/BF00682626
615399.cif,Y1Ru1B2,https://doi.org/10.1103/PhysRevB.97.094506
615406.cif,Y1Ru4B4,https://doi.org/10.1016/0025-5408(80)90099-9
615710.cif,Y1B6,https://doi.org/10.1103/PhysRevB.96.144501
615755.cif,Zr1B2,https://doi.org/10.1134/1.1387521
615870.cif,Ba1Ga1Ge1,"Phys.Rev.B, 80(2009)064514"
615923.cif,Hg1Ba1,"J.PHYS.CHEM.SOLIDS,27(1966)1081"
616336.cif,Be22Mo1,"Phys. Lett., 24A(1967)340"
616431.cif,Ta3Be2,https://doi.org/10.1016/0375-9601(69)90056-5
616438.cif,Be22Tc1,"Phys. Lett., 24A(1967)340"
616499.cif,W1Be22,https://doi.org/10.1016/0375-9601(67)90913-9
616759.cif,Bi3La4,"J.Les-Comm. Metals, 55(1977)103"
616760.cif,Bi3La5,"J.Les-Comm. Metals, 55(1977)103"
616761.cif,Bi1La2,"J.Les-Comm. Metals, 55(1977)103"
616874.cif,Bi2Ni3S2,"J.Phys.Condens.Matter, 18(2006)4417"
616879.cif,Bi2Ni3Se2,"J.Phys.Condens.Matter, 18(2006)4417"
616956.cif,Bi1Pd1Se1,"PHYS.LETT.,5(1963)226"
616957.cif,Bi2Pd3Se2,"Phys.Rev.B, 78(2008)024509"
616961.cif,Bi1Pd1Te1,"PHYS.LETT.,5(1963)226"
616991.cif,Pt1Bi1Se1,https://doi.org/10.1016/S0375-9601(63)95177-6
617008.cif,Bi1Rh1,"KRISTALLOGRAPHIYA,5(1960)553"
617101.cif,Bi2Se3,"Phys.Rev.Lett., 111(2013)087001"
617156.cif,Bi3Sr1,"J.Phys.Soc. Jpn, 84(2015)124702"
617900.cif,Y2Fe1C4,https://doi.org/10.1016/0022-4596(87)90173-3
617917.cif,Mo2C1Ga1,https://doi.org/10.1016/0022-5088(67)90055-0
618127.cif,Ti2C1In1,https://doi.org/10.1016/j.ssc.2007.09.028
618149.cif,La2C3,https://doi.org/10.1103/PhysRevLett.100.097002
618218.cif,Lu1C2,https://doi.org/10.1063/1.1658159
618473.cif,Nb1C1,https://doi.org/10.1103/PhysRev.159.327
618496.cif,Nb2C1Sn1,https://doi.org/10.1016/j.ssc.2006.05.006
618656.cif,Pt1U2C2,https://doi.org/10.1103/PhysRevB.91.024408
618825.cif,Ta1C1,https://doi.org/10.1103/PhysRev.159.327
618840.cif,Ta2C1,https://doi.org/10.1103/PhysRev.93.1004
619112.cif,Y1C2,https://doi.org/10.1103/PhysRevB.62.14469
619114.cif,Y2C3,https://doi.org/10.1016/j.physc.2012.03.044
619211.cif,Ca3Co4Sn13,"Physica C, 471(2011)711"
619308.cif,Ir4Ca3Ge13,Handbook of superconductivity: Academic Press
619329.cif,Ca3Rh4Ge13,Academic Press(2000)p229
619356.cif,Hg3Ca1,"J.PHYS.CHEM.SOLIDS,27(1966)1081"
619385.cif,Ir4Ca3Sn13,https://doi.org/10.1103/PhysRevB.93.134505
619390.cif,Ca1Li2,"Phys.Rev.Lett., 100(2008)197003"
620169.cif,Mo6Cd1S8,https://doi.org/10.1007/BF00681858
620734.cif,Ce1Co1Ge3,"Int'l J.Mod.Phys., 21(2007)3238"
620856.cif,Ce1Cu2Ge2,"Phys.Lett., A 163(1992)475"
620930.cif,Ce1Cu2Si2,"Phys.Rev.B, 94(2016)054514"
621363.cif,Ce1In3,"Phys.Rev.B, 65(2002)20504"
621428.cif,Ir1Ce1Si3,"J.Phys.Soc.Jpn, 77(2008)073705"
621843.cif,Ce1Pd2Si2,"J.Phys.:Condens.Mater, 14(2002)L529"
621952.cif,Ce1Rh2Si2,"J.Phys.:Condens.Mater, 14(2002)L377"
621955.cif,Ce1Rh1Si3,"Phys.Rev.B, 97(2018)104513"
621980.cif,Ce1Ru2,"J.Phys.Soc. Jpn, 64(1995)4849"
624958.cif,Sc5Co4Si10,https://doi.org/10.1103/PhysRevB.33.5062
625339.cif,Ta2Co1,https://doi.org/10.1016/0022-5088(72)90060-4
625427.cif,Th7Co3,https://doi.org/10.1016/S0921-4534(00)00262-8
625483.cif,Ti2Co1,https://doi.org/10.1016/0022-3697(61)90066-X
625521.cif,U1Co1,https://doi.org/10.1016/0022-3697(58)90271-3
626570.cif,Rh1Cr3,https://doi.org/10.1016/0038-1098(69)90751-0
628214.cif,La1Cu6,https://doi.org/10.1016/0038-1098(89)90810-7
628449.cif,Mo6Cu1Se8,https://doi.org/10.1007/BF00681858
628767.cif,Rh2Cu1S4,https://doi.org/10.1016/j.ssc.2012.02.019
629361.cif,Th1Cu6,https://doi.org/10.1016/0038-1098(89)90810-7
629373.cif,Th2Cu1,https://doi.org/10.1016/0022-5088(72)90060-4
629705.cif,Dy1Ga6,SOLID STATE COMMUN.82(1992)111
629953.cif,Dy1Mo6S8,"Phys.Rev.B, 64(2001)094520"
632825.cif,Nb4Fe1Si1,https://doi.org/10.1103/PhysRevB.84.224518
633446.cif,Sc2Fe3Si5,https://doi.org/10.1088/1468-6996/9/4/044206
633602.cif,Tm2Fe3Si5,https://doi.org/10.1016/0375-9601(81)90334-0
633652.cif,Y2Fe3Si5,https://doi.org/10.1103/PhysRevB.27.2800
633908.cif,Th7Fe3,https://doi.org/10.1016/S0921-4534(00)00262-8
634281.cif,Sr1Ga1Ge1,https://doi.org/10.1103/PhysRevB.80.064514
634508.cif,La1Ni1Ga2,https://doi.org/10.1103/PhysRevB.66.092503
634746.cif,Nb3Ga1,https://doi.org/10.1016/j.physb.2014.11.089
634779.cif,Nb1Ni2Ga1,https://doi.org/10.1143/JPSJ.54.1673
635332.cif,Sc1Ga3,https://doi.org/10.1103/PhysRevB.85.174514
635402.cif,Ta4Ga1Se8,https://doi.org/10.1103/PhysRevLett.93.126403
635498.cif,Tb1Ga6,https://doi.org/10.1016/0038-1098(92)90682-Y
635605.cif,V3Ga1,https://doi.org/10.1016/0038-1098(77)90412-4
635645.cif,V2Ga5,https://doi.org/10.1016/S0925-8388(02)00786-7
636535.cif,Ge1,"Phys.Rev.Lett., 102(2009)237001"
636699.cif,Ir2La1Ge2,"J.Less-Comm.Metals,113(1985)231"
636714.cif,Ir4Lu5Ge10,https://doi.org/10.1103/PhysRevB.33.5062
636745.cif,Ir2Th1Ge2,https://doi.org/10.1016/0038-1098(84)90008-5
636754.cif,Ir2U1Ge2,https://doi.org/10.1016/0038-1098(84)90008-5
636767.cif,Ir4Y5Ge10,https://doi.org/10.1103/PhysRevB.33.5062
636821.cif,La1Ni2Ge2,https://doi.org/10.1016/0167-577X(82)90010-6
636837.cif,Pt1La1Ge1,https://doi.org/10.1103/PhysRevB.98.214505
636927.cif,Os4Lu3Ge13,https://doi.org/10.1103/PhysRevB.95.184501
636934.cif,Lu5Rh4Ge10,https://doi.org/10.1103/PhysRevB.33.5062
636939.cif,Lu3Ru4Ge13,https://doi.org/10.1103/PhysRevB.48.10435
637137.cif,Mo3Ge1,https://doi.org/10.1016/0038-1098(82)90341-6
637142.cif,Mo5Ge3,https://doi.org/10.1016/0038-1098(82)90341-6
637475.cif,Os2Th1Ge2,https://doi.org/10.1016/0038-1098(84)90008-5
637658.cif,Pt2Th1Ge2,https://doi.org/10.1016/0038-1098(84)90008-5
637671.cif,Re1Ge2,https://doi.org/10.1016/0038-1098(77)90447-1
637720.cif,U1Rh1Ge1,https://doi.org/10.1143/jpsj.78.063703
637728.cif,Y5Rh4Ge10,https://doi.org/10.1103/PhysRevB.33.5062
637761.cif,Th1Ru2Ge2,https://doi.org/10.1016/0038-1098(84)90008-5
637839.cif,Sc1Ge2,https://doi.org/10.1103/PhysRev.112.89
637963.cif,Ta1Ge2,https://doi.org/10.1016/0038-1098(77)90447-1
638099.cif,V3Ge1,https://doi.org/10.1016/0038-1098(81)90523-8
638452.cif,Re1,https://doi.org/10.1103/PhysRevMaterials.3.024801
639082.cif,Hg1Mg3,"J.PHYS.CHEM.SOLIDS,27(1966)1081"
639816.cif,In1,"Phys.Rev., 137(1965)A748"
640011.cif,Mo15Se19In2,https://doi.org/10.1016/0025-5408(85)90077-7
640030.cif,Ti2N1In1,https://doi.org/10.1016/j.ssc.2010.04.036
640737.cif,Ir3La7,https://doi.org/10.1103/PhysRevLett.115.267001
640740.cif,Ir5La1,https://doi.org/10.1103/PhysRev.137.A119
640758.cif,Ir1La1Si1,"Solid State Commun., 41(1982)801"
640764.cif,Ir2La1Si2,"Solid State Commun., 52(1984)797"
640781.cif,Ir2Lu1,"PHYS.REV.,137(1965)A119"
640790.cif,Ir4Lu5Si10,https://doi.org/10.1103/PhysRevB.77.113103
640823.cif,Ir1Mo3,"J.Low Temp.Phys., 6(1972)171"
640832.cif,Ir1Nb3,"Solid State Commun., 21(1977)239"
640836.cif,Ir1Nb1,"Solid State Commun., 21(1977)239"
640980.cif,Ir4Sc5Si10,https://doi.org/10.7566/JPSJ.82.074713
641013.cif,Ir2Th1Si2,https://doi.org/10.1016/0038-1098(84)90008-5
641017.cif,Ir1Ti1Si1,"Mat.Res.Bull., 20(1985)1229"
641018.cif,Ir4Tm5Si10,https://doi.org/10.1103/PhysRevB.43.7668
641026.cif,Ir2U1Si2,https://doi.org/10.1016/0038-1098(84)90008-5
641029.cif,Ir3Y2Si5,https://doi.org/10.1016/0022-5088(85)90132-8
641036.cif,Ir2Y1Si2,https://doi.org/10.1016/0038-1098(84)90008-5
641044.cif,Ir1Zr1Si1,"Phys.Rev.B, 99(2019)174513"
641054.cif,Ir1Sn2,"J.PHYS.CHEM.SOLIDS,26(1965)665"
641056.cif,Ir4Sr3Sn13,https://doi.org/10.1103/PhysRevLett.109.237008
641065.cif,Ir2Sr1,https://doi.org/10.1103/PhysRev.107.1558
641095.cif,Ir5Th1,https://doi.org/10.1103/PhysRev.137.A119
641096.cif,Ir3Th7,https://doi.org/10.1016/0022-3697(61)90066-X
641110.cif,Ir1Ti3,"J.Low Temp.Phys., 6(1972)171"
641179.cif,Ir2Y3,https://doi.org/10.1103/PhysRev.137.A119
641184.cif,Ir3Y1,https://doi.org/10.1103/PhysRev.137.A119
641204.cif,Ir1Zr2,"Solid State Commun., 15(1974)1797"
641257.cif,K2Mo15Se19,https://doi.org/10.1016/0025-5408(85)90077-7
641498.cif,La3Ni1,https://doi.org/10.1143/JPSJ.63.2061
641512.cif,La7Ni3,https://doi.org/10.1016/0038-1098(94)90160-0
641591.cif,La1Ni1Sn1,https://doi.org/10.1016/S0038-1098(99)00160-X
641615.cif,Os4La1P12,https://doi.org/10.1016/0038-1098(85)90108-5
641633.cif,La1Ru4P12,https://doi.org/10.1016/0038-1098(85)90108-5
641647.cif,Pb3La1,https://doi.org/10.1016/0022-3697(70)90261-1
641661.cif,La7Pd3,https://doi.org/10.1016/S0921-4534(00)00262-8
641702.cif,Pt2La1,https://doi.org/10.1103/PhysRev.137.A119
641715.cif,Pt2La1Si2,https://doi.org/10.1088/1361-648X/aae766
641749.cif,La1Rh1Si1,https://doi.org/10.1016/0038-1098(82)91252-2
641764.cif,La3Ru1,https://doi.org/10.1016/0925-8388(93)90160-O
641768.cif,La7Ru3,https://doi.org/10.1016/0925-8388(94)90764-1
641777.cif,La1Ru2,https://doi.org/10.1016/0378-4363(85)90525-X
641780.cif,La5Ru2,https://doi.org/10.1016/0925-8388(94)90764-1
641783.cif,La1Ru4Sb12,https://doi.org/10.1016/S0022-3697(98)00292-3
641785.cif,La1Ru2Si2,https://doi.org/10.1016/0022-3697(84)90149-5
641824.cif,La1S1,https://doi.org/10.1103/PhysRevB.11.500
641899.cif,La1Sb2,https://doi.org/10.1103/PhysRevB.87.214504
641905.cif,La4Sb3,https://doi.org/10.1016/0022-5088(77)90266-1
641991.cif,La1Sn3,https://doi.org/10.1016/0038-1098(78)91291-7
642022.cif,La1Te1,https://doi.org/10.1103/PhysRevB.11.500
642029.cif,La3Te4,https://doi.org/10.1103/PhysRevB.11.500
642070.cif,Tl3La1,https://doi.org/10.1103/PhysRevB.8.3194
642071.cif,Tl1La3,https://doi.org/10.1103/PhysRevB.8.3194
642164.cif,Li2Mo15Se19,https://doi.org/10.1016/0025-5408(85)90077-7
642439.cif,Lu1Mo6S8,https://doi.org/10.1007/978-3-642-81868-4_1
642481.cif,Os2Lu1,https://doi.org/10.1107/S0365110X59001918
642550.cif,Lu5Rh4Si10,https://doi.org/10.1103/PhysRevB.33.5062
642558.cif,Lu1Ru2,https://doi.org/10.7566/JPSJ.82.124703
642559.cif,Lu1Ru2Si2,https://doi.org/10.1016/0022-3697(84)90149-5
643855.cif,U6Mn1,https://doi.org/10.1016/0038-1098(87)90936-7
643961.cif,Mo1,https://doi.org/10.1103/PhysRevMaterials.3.024801
644106.cif,Pb1Mo6S8,https://doi.org/10.1103/PhysRevLett.106.017003
644122.cif,Pb1Mo6Se8,https://doi.org/10.1007/BF00681858
644289.cif,Mo6S8Sn1,https://doi.org/10.1103/PhysRevLett.106.017003
644349.cif,Mo6Se8,https://doi.org/10.1016/j.pmatsci.2010.02.002
644382.cif,Tl2Mo6Se6,https://doi.org/10.1016/0038-1098(80)90734-6
644389.cif,Y1Mo6Se8,https://doi.org/10.1007/978-1-4615-8795-8_8
644485.cif,Tl1Mo3Te3,https://doi.org/10.1016/0022-5088(80)90109-5
644511.cif,Zr1Mo2,https://doi.org/10.1016/0038-1098(65)90230-9
644704.cif,Ta1N1,https://doi.org/10.1149/1.2426296
644856.cif,V1N1,https://doi.org/10.7566/JPSJ.84.104706
645115.cif,Nb1Ni2Sn1,https://doi.org/10.1143/JPSJ.54.1673
645173.cif,Nb1Rh1P1,https://doi.org/10.1016/0025-5408(85)90106-0
645227.cif,Pt1Nb3,https://doi.org/10.1016/0038-1098(77)90693-7
645269.cif,Nb3Rh1,https://doi.org/10.1007/BF00630915
645349.cif,Nb3Sb1,https://doi.org/10.1063/1.1663094
645351.cif,Nb5Sb4,https://doi.org/10.1007/BFb0119186
645437.cif,Nb5Si3,https://doi.org/10.1063/1.326202
645449.cif,Nb3Si1,https://doi.org/10.1016/0038-1098(77)90086-2
645473.cif,Nb3Sn1,https://doi.org/10.1007/BF01380012
645476.cif,Nb6Sn5,https://doi.org/10.1063/1.1708155
645534.cif,Nb3Te4,https://doi.org/10.1016/0038-1098(83)90359-9
646550.cif,Tl1Ni2Se2,https://doi.org/10.1088/0953-8984/27/39/395701
646714.cif,Sm1Ni1,https://doi.org/10.1103/PhysRevB.94.024106
647009.cif,U6Ni1,https://doi.org/10.1103/PhysRev.168.464
647731.cif,Os4Pr1Sb12,https://doi.org/10.1103/PhysRevB.83.024511
647804.cif,Os2Y1Si2,https://doi.org/10.1016/0038-1098(84)90008-5
647807.cif,Os1Zr1Si1,https://doi.org/10.1016/0038-1098(86)90640-X
647834.cif,Os3Th7,https://doi.org/10.1016/0022-3697(61)90066-X
647876.cif,Os2Zr1,https://doi.org/10.1016/0022-5088(86)90101-3
647919.cif,Pd7P3,https://doi.org/10.1016/0022-3697(63)90022-2
647956.cif,Pr1Ru4P12,https://doi.org/10.1103/PhysRevB.82.104513
648003.cif,Ta1Rh1P1,https://doi.org/10.1016/0025-5408(85)90106-0
648009.cif,Zr1Rh1P1,https://doi.org/10.1088/0953-8984/13/41/324
648037.cif,Zr1Ru1P1,https://doi.org/10.1007/BF00614955
648282.cif,W3P1,https://doi.org/10.1016/0022-3697(65)90241-6
648834.cif,Pd17Se15,http://dx.doi.org/10.1088/0953-2048/24/10/105015
648950.cif,Y1Pd2Sn1,https://doi.org/10.1103/PhysRevB.85.174505
648956.cif,Yb1Pd2Sn1,https://doi.org/10.1103/PhysRevB.32.135
649057.cif,Tl2Pd1,https://doi.org/10.1016/0022-5088(72)90060-4
649092.cif,Pd1V3,https://doi.org/10.1016/0038-1098(69)90751-0
649242.cif,Pr1Ru4Sb12,https://doi.org/10.1016/j.physb.2007.10.085
649556.cif,Pt1Sb1,https://doi.org/10.1103/PhysRev.92.874
649603.cif,Pt1Si1,https://doi.org/10.5702/massspec1953.14.187
649630.cif,Pt2Th1Si2,https://doi.org/10.1016/0038-1098(84)90008-5
649646.cif,Pt2Y1Si2,https://doi.org/10.1016/0038-1098(84)90008-5
649758.cif,Pt3Th7,https://doi.org/10.1103/PhysRev.137.A119
649774.cif,Pt1Ti3,https://doi.org/10.1007/BF00627932
649780.cif,Pt1Tl2,https://doi.org/10.1016/0022-5088(72)90060-4
649849.cif,Pt2Y1,https://doi.org/10.1107/S0365110X59001918
649860.cif,Pt3Y7,https://doi.org/10.1103/PhysRev.137.A119
650166.cif,Re2Th1,https://doi.org/10.1016/0022-5088(70)90027-5
650176.cif,Re24Ti5,https://doi.org/10.1103/PhysRevB.97.020502
650205.cif,Re24Zr5,https://doi.org/10.1103/PhysRevB.94.214513
650212.cif,Re2Zr1,https://doi.org/10.1016/0022-5088(70)90027-5
650269.cif,Rh4Sc5Si10,https://doi.org/10.1103/PhysRevB.33.5062
650332.cif,Th1Rh2Si2,https://doi.org/10.1016/0038-1098(84)90008-5
650354.cif,Y1Rh2Si2,https://doi.org/10.1016/0038-1098(84)90008-5
650389.cif,Sr3Rh4Sn13,https://doi.org/10.1103/PhysRevLett.115.207003
650413.cif,Sr1Rh2,https://doi.org/10.1103/PhysRev.107.1558
650458.cif,Th7Rh3,https://doi.org/10.5702/massspec1953.14.187
650471.cif,Th1Rh1,https://doi.org/10.1103/PhysRev.137.A119
650529.cif,Y3Rh1,https://doi.org/10.1103/PhysRev.137.A119
65052.cif,Pd7Se2,https://doi.org/10.1143/JPSJ.57.2763
650532.cif,Y1Rh3,https://doi.org/10.1016/0038-1098(84)90008-5
65053.cif,Pd34Se11,https://doi.org/10.1143/JPSJ.57.2763
650551.cif,Zr3Rh1,https://doi.org/10.1103/PhysRevB.27.5519
650601.cif,Ru2Sc1,https://doi.org/10.7566/JPSJ.82.124703
650642.cif,Th1Ru2Si2,https://doi.org/10.1016/0038-1098(84)90008-5
650661.cif,Y1Ru2Si2,https://doi.org/10.1016/0038-1098(84)90008-5
650662.cif,Y1Ru3Si2,https://doi.org/10.1016/0038-1098(84)90008-5
650738.cif,Ru1Ti1,https://doi.org/10.5702/massspec1953.14.187
650786.cif,Zr1Ru2,https://doi.org/10.1016/0022-3697(61)90066-X
651405.cif,Y1S1,https://doi.org/10.1016/0038-1098(70)90046-3
651601.cif,Ta3Sb1,https://doi.org/10.1007/BF01394489
651684.cif,Ti3Sb1,https://doi.org/10.1007/BF00630915
651750.cif,Yb1Sb2,https://doi.org/10.1103/PhysRevB.85.214526
651785.cif,Zr5Sb3,https://doi.org/10.1103/PhysRevB.88.134520
651832.cif,Tc2Sc1,https://doi.org/10.1016/0022-5088(81)90041-2
651959.cif,Ta1Se3,https://doi.org/10.1016/0022-3697(91)90074-A
652176.cif,Y1Se1,https://doi.org/10.1103/PhysRevLett.49.1030
652301.cif,Ta1Si2,https://doi.org/10.1103/PhysRevB.45.4803
652507.cif,V3Si1,https://doi.org/10.1016/0038-1098(81)90523-8
652831.cif,V3Sn1,https://doi.org/10.1007/BF00630915
653041.cif,Zr1Tc2,https://doi.org/10.1016/0022-5088(70)90027-5
653336.cif,Tl3Y1,https://doi.org/10.1016/0022-3697(70)90261-1
653405.cif,Zr1V2,https://doi.org/10.1103/PhysRevB.30.2542
656306.cif,Zr5Sn3,https://doi.org/10.1103/PhysRevB.88.134520
65652.cif,Mo4P3,https://doi.org/10.1016/S0921-4534(01)00239-8
656946.cif,La7Rh3,https://doi.org/10.1016/S0921-4534(00)00262-8
657339.cif,Rh1As1,https://doi.org/10.1016/0022-3697(63)90022-2
657383.cif,La1Sn2,https://doi.org/10.1016/S0022-4596(05)80237-3
657574.cif,U1Pd2Al3,https://doi.org/10.1016/0921-4526(94)91749-3
658071.cif,Zr2Rh1,https://doi.org/10.1016/0038-1098(74)90089-1
658208.cif,La1Ni1Sb2,https://doi.org/10.1016/S0925-8388(96)03128-3
658217.cif,La1Pd1Sb2,https://doi.org/10.1016/S0925-8388(96)03128-3
658225.cif,La1Cu1Sb2,https://doi.org/10.1016/S0925-8388(96)03128-3
658326.cif,Pt1Sn1,https://doi.org/10.1016/0022-3697(65)90144-7
658347.cif,Yb1Pd2Ge2,https://doi.org/10.1103/PhysRevB.24.6715
658854.cif,Y6Mo4Al43,https://doi.org/10.7566/JPSJ.85.105001
659009.cif,Th1Ni2B2C1,https://doi.org/10.1016/0921-4534(94)90813-3
659011.cif,Pt2Th1B2C1,https://doi.org/10.1016/0921-4534(94)90813-3
659142.cif,U1Ni2Al3,https://doi.org/10.1016/0925-8388(94)90975-X
659684.cif,Ru1Cr3,https://doi.org/10.1103/PhysRevB.34.3446
659893.cif,Lu1S1,https://doi.org/10.1063/1.1708155
659960.cif,Pd1Te1,https://doi.org/10.1103/PhysRev.92.874
66583.cif,Tl1Ba2Cu1O5,https://doi.org/10.1016/0921-4534(91)90250-3
66771.cif,Sr3Rh8B6,https://doi.org/10.1088/1468-6996/14/3/035003
670129.cif,Sr1Cu1O2,https://doi.org/10.1016/0921-4534(94)90099-X
670639.cif,Sr1Al1Si1,https://doi.org/10.1103/PhysRevB.80.064514
670654.cif,Y1Ga2,https://doi.org/10.1063/1.1658159
670698.cif,Ti1N1,https://doi.org/10.1039/b819541b
670727.cif,Ti1Co1,https://doi.org/10.5702/massspec1953.14.187
670737.cif,La1Cu1,https://doi.org/10.1016/0038-1098(94)90872-9
670749.cif,Zr1N1,https://doi.org/10.1103/PhysRev.87.799
670758.cif,Nb3Al1,https://doi.org/10.1016/0022-4596(80)90401-6
670941.cif,Bi2Cs1,"Zh.Eksp.Teor.Fiz, 34(1957)827"
671039.cif,Os1,https://doi.org/10.1103/PhysRevB.3.3757
671042.cif,Ru1,https://doi.org/10.1103/PhysRevLett.6.275
671044.cif,Sc1,https://doi.org/10.1103/PhysRevLett.42.469
671192.cif,Mo1Ga4,https://doi.org/10.1103/PhysRevLett.26.305
671240.cif,Pt2La1B2C1,https://doi.org/10.1016/j.physc.2007.04.203
671241.cif,Y1Pd2B2C1,https://doi.org/10.1016/S0921-4534(99)00377-9
671242.cif,Pt2Y1B2C1,https://doi.org/10.1103/PhysRevB.49.12384
671243.cif,Lu1Ni2B2C1,https://doi.org/10.1103/PhysRevB.83.104519
67128.cif,Tl1Ba2Ca1Cu2O7,https://doi.org/10.1016/0921-4534(90)90103-L
671418.cif,Zr3Ni1,https://doi.org/10.1103/PhysRevB.27.5519
671505.cif,Pt3Th1B1,https://doi.org/10.1103/PhysRevB.92.024511
671587.cif,La1Ag1,https://doi.org/10.1016/0022-3697(66)90152-1
671673.cif,Pt1Bi1Y1,https://doi.org/10.1103/PhysRevB.94.035130
671819.cif,Nb1B2,https://doi.org/10.1016/j.jallcom.2019.02.072
671985.cif,Mg1B2,https://doi.org/10.1103/PhysRevB.65.180505
672003.cif,Yb1Sn3,https://doi.org/10.1016/S0921-4526(96)00684-9
672007.cif,Ba1Fe2As2,"Phys.Rev.B, 79(2009)172506"
672014.cif,Mg1Ni3C1,https://doi.org/10.1016/j.jpcs.2008.06.009
672121.cif,Os1Al1,https://doi.org/10.5702/massspec1953.14.187
672137.cif,Mo1Ge2,https://doi.org/10.1103/PhysRevB.75.184512
672338.cif,Ti1,https://doi.org/10.1016/0038-1098(88)90250-5
672454.cif,Sn1Te1,https://doi.org/10.1103/PhysRev.169.388
672464.cif,Si1,https://doi.org/10.1143/JPSJ.57.3289
672491.cif,Fe,"Phys.Lett.A, 299(2002)282"
672496.cif,Nb1,https://doi.org/10.1088/0953-2048/25/11/112001
672539.cif,Cd1,"Phys.Rev., 134(1964)A385"
672546.cif,Zr2Fe1,https://doi.org/10.1016/0921-4534(94)90220-8
672715.cif,Ca1Pd2As2,"Phys.Rev.B, 98(2018)094525"
672774.cif,H1Pd1,"Z.Physik, 263(1973)1"
673097.cif,Bi1Na1,"J.Phys.Condens.Matter, 26(2014)212201"
673471.cif,Mo1C1,https://doi.org/10.1016/j.physc.2019.04.009
673848.cif,Ir2Ba1P2,"Physica C, 470(2010)S296"
673850.cif,Ba1Rh2P2,"Physica C, 470(2010)S296"
673897.cif,Ir1,"PHYS.REV.,165(1968)533 545"
673904.cif,P1Ge1,https://doi.org/10.1016/0022-4596(70)90005-8
674033.cif,C1Si1,"Phys.Rev.B, 78(2008)024517"
674044.cif,Ga1As1,"JETP Lett., 14(1971)11"
674394.cif,La1Ni1C2,https://doi.org/10.1103/PhysRevB.90.220508
674395.cif,Os1B2,https://doi.org/10.1103/PhysRevB.82.144532
674716.cif,W1C1,https://doi.org/10.1103/PhysRev.159.327
674718.cif,W2C1,https://doi.org/10.1016/0022-5088(71)90070-1
674718.cif,W2C1,https://doi.org/10.1016/0022-5088(72)90060-4
674882.cif,As1Sn1,"J.Solid State Chem., 252(2017)106"
674894.cif,Zn1,https://doi.org/10.1103/PhysRevLett.1.363
675032.cif,Pt2Sr1Ge2,https://doi.org/10.1016/j.physc.2013.03.036
675364.cif,N1In1,https://doi.org/10.1002/pssc.200983112
676102.cif,Pt3Ce1Si1,https://doi.org/10.1103/PhysRevB.81.180511
67637.cif,Dy1Ba2Cu4O8,"Phys.Rev.B, 49(1994)9150"
68028.cif,Sc1B12,https://doi.org/10.1103/PhysRevLett.42.469
68188.cif,Bi2Sr2Ca1Cu2O8,"PHYS. REV. B.,39(1989)4693"
68584.cif,Tl2Ba2Ca2Cu3O10,https://doi.org/10.1103/PhysRevB.40.11400
69004.cif,Mo15Se19,https://doi.org/10.1016/0025-5408(86)90172-8
69364.cif,Tl2Ba2Ca3Cu4O12,https://doi.org/10.1016/0921-4534(92)90449-M
69993.cif,Ba6Nb10O30,"Phys.Rev.B, 92(2015)214508"
70020.cif,K1C8,https://doi.org/10.1103/PhysRevLett.14.225
70062.cif,Ba6C60,"J.Superconductivity,8(1995)67"
71217.cif,Ta4Pd3Te16,https://doi.org/10.1021/ja412094n
71423.cif,Y1Ba2Cu3O7,https://doi.org/10.1016/0038-1098(88)90869-1
71481.cif,Pb2Eu1Sr2Cu3O8,https://doi.org/10.1103/PhysRevB.45.7406
72922.cif,V6S8,https://doi.org/10.1016/S0038-1098(01)00333-7
73331.cif,W5Si3,https://doi.org/10.1088/1742-6596/150/5/052106
74165.cif,Tl1Sr2Ca1Cu2O7,https://doi.org/10.1016/0921-4534(92)90162-6
74704.cif,Ta1Pb1Se2,https://doi.org/10.1103/PhysRevB.96.064528
75610.cif,Lu1Ni1B1C1,https://doi.org/10.1103/PhysRevB.50.9445
75687.cif,Er1Ba2Cu4O8,"Phys.Rev.B, 49(1994)9150"
75688.cif,Ho1Ba2Cu4O8,"Eur.Phys.J.B, 19(2001)5-8"
75722.cif,Hg1Ba2Cu1O4,"Phys.Rev.B, 50(1994)4262"
75728.cif,Hg1Ba2Ca1Cu2O6,"Phys.Rev.B, 50(1994)4262"
75737.cif,Hg1Ba2Ca2Cu3O8,"Phys.Rev.B, 50(1994)4262"
76150.cif,Te1,https://doi.org/10.1103/PhysRevB.15.973
76162.cif,Sr1,https://doi.org/10.1103/PhysRevB.25.194
76293.cif,Pt4Y3Ge6,https://doi.org/10.1143/jpsj.77.054714
76344.cif,Y1Ge2,https://doi.org/10.1016/0038-1098(77)90447-1
76559.cif,Nb4Ni1Si1,https://doi.org/10.1103/PhysRevB.84.224518
76560.cif,Nb1O1,https://doi.org/10.1016/0031-8914(71)90241-2
76567.cif,Nb3S4,https://doi.org/10.1103/physrevb.53.384
76622.cif,Ir1Ge1,"Solid State Commun., 7(1969)381"
77792.cif,Ru1Ti1P1,https://doi.org/10.1007/BF00614955
77805.cif,P1Sn1,https://doi.org/10.1021/ic50084a032
77862.cif,Pa1,https://doi.org/10.1126/science.205.4402.188
77899.cif,Th1Pd2Si2,https://doi.org/10.1016/0038-1098(84)90008-5
77939.cif,La1Ni1B1N1,https://doi.org/10.1021/ja211293x
78264.cif,La1Ni1Si1,https://doi.org/10.1103/PhysRevB.50.6523
78621.cif,Yb1Ba2Cu4O8,https://doi.org/10.1016/0921-4534(95)00462-9
78622.cif,Tm1Ba2Cu4O8,https://doi.org/10.1103/PhysRevB.49.9150
78871.cif,Y2C2Br2,https://doi.org/10.1063/1.367555
78969.cif,Y2Al1Ge3,https://doi.org/10.1002/zaac.19966220402
79574.cif,Y1Ni2B2C1,https://doi.org/10.1103/PhysRevB.83.104519
79575.cif,Ho1Ni2B2C1,"Phys.Rev.B, 80(2009)224522"
80091.cif,Ti1Se2,https://doi.org/10.1103/PhysRevLett.103.236401
80200.cif,Pr1Fe1O1P1,https://doi.org/10.1103/PhysRevB.86.214517
80202.cif,Sm1Fe1O1P1,https://doi.org/10.1103/PhysRevB.78.184512
81171.cif,Eu1Ba2Cu3O7,"Physica.C,311(1998)246-252"
81172.cif,Gd1Ba2Cu3O7,"Phys.Rev.B, 49(1994)15993"
81173.cif,Dy1Ba2Cu3O7,"Phys.Rev.B,58(1999)11153"
81174.cif,Ho1Ba2Cu3O7,"PHYS.REV.B,37(1988)2285"
81176.cif,Er1Ba2Cu3O7,"Phys.Rev.B,51(1995)15429"
81177.cif,Tm1Ba2Cu3O7,https://doi.org/10.1103/PhysRevB.51.12900
81745.cif,Y1Fe2Ge2,https://doi.org/10.1002/pssr.201409418
81760.cif,La1Pd2Ge2,https://doi.org/10.1103/PhysRevB.24.6715
82072.cif,W14O50P4,https://doi.org/10.1016/S0038-1098(97)10011-4
82529.cif,Ba2Sn3Sb6,"J.Alloys Compd., 388(2002)69"
85244.cif,Gd1Sr2Ru1Cu2O8,"Physica C, 454(2007)30"
85277.cif,Y1Ba2Cu4O8,https://doi.org/10.1103/PhysRevB.50.10265
85406.cif,Sr1Ni2P2,https://doi.org/10.7566/JPSJ.86.035001
85408.cif,Ba1Ni2P2,"J.Phys.Soc.Jpn, 86(2017)035001"
86764.cif,Zr1Te3,https://doi.org/10.1103/PhysRevB.87.024508
86960.cif,Nd1Ba2Cu3O7,https://doi.org/10.1016/j.physc.2005.12.063
87392.cif,Ca1Si2,"Phys.Rev.B,61(2000)R3800-R3803"
88075.cif,Y1Ge3,https://doi.org/10.1016/j.physc.2005.04.021
88210.cif,Zr1V1Ge1,https://doi.org/10.1016/j.physleta.2015.02.002
89227.cif,Sm1Ba2Cu3O7,https://doi.org/10.1103/PhysRevB.53.2781
90093.cif,Ba8Si46,"Physica B, 485(2016)84"
90433.cif,Pt1Nb1Si1,https://doi.org/10.1016/j.phpro.2016.04.024
90703.cif,Ba24Si100,"Phys.Rev.B, 77(2008)224507"
92576.cif,Ba6Ge25,"Phys.Rev.B, 70(2004)174512"
93906.cif,Pd1Sb1Te1,https://doi.org/10.1016/S0375-9601(63)95177-6
94194.cif,Sr2Ru1O4,https://doi.org/10.1143/JPSJ.71.1134
94377.cif,Pr1Ba2Cu3O7,https://doi.org/10.1016/0375-9601(95)00653-K
96016.cif,Y1Ba2Cu3O6.5,https://doi.org/10.1103/PhysRevB.40.4503
96228.cif,Ca2N1In1,"Supercond.Sci.Technol., 27(2014)055005"
990.cif,Ru1Sb1,https://doi.org/10.1103/PhysRevB.85.140509
99244.cif,Ir3Ce1,https://doi.org/10.7566/JPSJ.87.053704
